ime,letnik,kilometrina,motor,menjalnik,cena,cas

Fiat Punto,2008,189625 km,"bencinski motor, 1368 ccm, 57 kW  / 78 KM",ročni menjalnik (5 pr.),2490€,"(5, 11)"

Peugeot 307,2006,156025 km,"bencinski motor, 1587 ccm, 80 kW  / 109 KM",ročni menjalnik (5 pr.),2680€,"(5, 11)"

Hyundai ix35,2013,60862 km,"bencinski motor, 1591 ccm, 99 kW  / 135 KM",ročni menjalnik (6 pr.),11290€,"(5, 11)"

Renault Thalia,2001,209000 km,"bencinski motor, 1390 ccm, 72 kW  / 98 KM",ročni menjalnik (5 pr.),500€,"(5, 11)"

Ford Fiesta,2006,130180 km,"bencinski motor, 1242 ccm, 55 kW  / 75 KM",ročni menjalnik (5 pr.),2580€,"(5, 11)"

Nissan Micra,2006,152544 km,"bencinski motor, 1240 ccm, 48 kW  / 65 KM",ročni menjalnik (5 pr.),2240€,"(5, 11)"

Peugeot 2008,2015,145312 km,"diesel motor, 1560 ccm, 68 kW  / 93 KM",ročni menjalnik (5 pr.),9590€,"(5, 11)"

Audi A6,2015,156000 km,"diesel motor, 1968 ccm, 140 kW  / 191 KM",avtomatski menjalnik,22900€,"(5, 11)"

Fiat Punto,2009,204210 km,"diesel motor, 1248 ccm, 55 kW  / 75 KM",ročni menjalnik (5 pr.),2570€,"(5, 11)"

Renault Grand Scenic dCi 110 Energy Zen-...,2015,133465 km,"diesel motor, 1461 ccm, 81 kW  / 110 KM",avtomatski menjalnik,10590€,"(5, 11)"

Renault Clio,2005,155698 km,"bencinski motor, 1149 ccm, 55 kW  / 75 KM",ročni menjalnik (5 pr.),2240€,"(5, 11)"

Citroen C3,2005,198000 km,"diesel motor, 1398 ccm, 50 kW  / 68 KM",ročni menjalnik (5 pr.),2280€,"(5, 11)"

Renault Grand Espace Expression 2.2 dCi,2004,259000 km,"diesel motor, 2188 ccm, 110 kW  / 150 KM",ročni menjalnik (6 pr.),600€,"(5, 11)"

Citroen Xsara,2009,160000 km,"bencinski motor, 1587 ccm, 80 kW  / 109 KM",ročni menjalnik (5 pr.),2800€,"(5, 11)"

Peugeot 508,2013,160000 km,"diesel motor, 1997 ccm, 103 kW  / 140 KM",ročni menjalnik (6 pr.),9200€,"(5, 11)"

Kia CeeD,2010,155625 km,"bencinski motor, 1396 ccm, 66 kW  / 90 KM",ročni menjalnik (5 pr.),4100€,"(5, 11)"

BMW Serija 3,2014,187 km,"diesel motor, 1995 ccm, 105 kW  / 143 KM",avtomatski menjalnik,13990€,"(5, 11)"

Renault Laguna,2009,235000 km,"diesel motor, 1995 ccm, 110 kW  / 150 KM",ročni menjalnik (6 pr.),2950€,"(5, 11)"

Volkswagen Sharan,2010,279000 km,"diesel motor, 1968 ccm, 103 kW  / 140 KM",ročni menjalnik (6 pr.),9480€,"(5, 11)"

Audi Q7,2006,259635 km,"diesel motor, 2967 ccm, 171 kW  / 233 KM",avtomatski menjalnik / tiptronic,10450€,"(5, 11)"

Mercedes-Benz ML-Razred,2007,312000 km,"diesel motor, 2987 ccm, 165 kW  / 225 KM",avtomatski menjalnik / tiptronic,7900€,"(5, 11)"

BMW Serija 1,2015,179753 km,"diesel motor, 1496 ccm, 85 kW  / 116 KM",ročni menjalnik (6 pr.),13550€,"(5, 11)"

Citroen C1,2009,98000 km,"bencinski motor, 998 ccm, 50 kW  / 68 KM",ročni menjalnik (5 pr.),3200€,"(5, 11)"

Mini Coupe,2003,200000 km,"bencinski motor, 1598 ccm, 120 kW  / 164 KM",ročni menjalnik (6 pr.),4500€,"(5, 11)"

Audi A4,2012,22656 km,"diesel motor, 1968 ccm, 105 kW  / 143 KM",ročni menjalnik (6 pr.),9950€,"(5, 11)"

Opel Astra,2005,198000 km,"diesel motor, 1910 ccm, 88 kW  / 120 KM",ročni menjalnik (6 pr.),2100€,"(5, 11)"

Fiat Punto,2001,180000 km,"bencinski motor, 1242 ccm, 44 kW  / 60 KM",ročni menjalnik (5 pr.),650€,"(5, 11)"

Kia Picanto,2007,100500 km,"bencinski motor, 999 ccm, 45 kW  / 61 KM",ročni menjalnik (5 pr.),1400€,"(5, 11)"

Citroen C4,2006,2019 km,"bencinski motor, 1587 ccm, 80 kW  / 109 KM",ročni menjalnik (5 pr.),1800€,"(5, 11)"

Volkswagen Golf,2005,324000 km,"diesel motor, 1968 ccm, 103 kW  / 140 KM",ročni menjalnik (6 pr.),3290€,"(5, 11)"

Audi A6,2006,250721 km,"diesel motor, 1968 ccm, 103 kW  / 140 KM",ročni menjalnik (6 pr.),6990€,"(5, 11)"

Opel Astra,2011,295000 km,"diesel motor, 1686 ccm, 81 kW  / 110 KM",ročni menjalnik (6 pr.),2500€,"(5, 11)"

Cadillac Eldorado,1973,89000 km,"bencinski motor, 8200 ccm, 265 kW  / 361 KM",avtomatski menjalnik,9900€,"(5, 11)"

Volkswagen Golf,1999,331000 km,"diesel motor, 1896 ccm, 66 kW  / 90 KM",ročni menjalnik (5 pr.),890€,"(5, 11)"

Renault Megane,2007,177000 km,"bencinski motor, 1598 ccm, 82 kW  / 112 KM",ročni menjalnik (5 pr.),2090€,"(5, 11)"

Volkswagen Golf,2011,203538 km,"diesel motor, 1598 ccm, 77 kW  / 105 KM",ročni menjalnik (5 pr.),7790€,"(5, 11)"

Peugeot 206,1998,180000 km,"bencinski motor, 1360 ccm, 55 kW  / 75 KM",ročni menjalnik (5 pr.),790€,"(5, 11)"

BMW Serija 5,2006,176000 km,"diesel motor, 2993 ccm, 170 kW  / 232 KM",avtomatski menjalnik,7199€,"(5, 11)"

BMW Serija 3,2006,263212 km,"diesel motor, 1995 ccm, 90 kW  / 123 KM",ročni menjalnik (6 pr.),5690€,"(5, 11)"

Fiat Stilo,2007,260000 km,"diesel motor, 1910 ccm, 88 kW  / 120 KM",ročni menjalnik (5 pr.),2590€,"(5, 11)"

Škoda Octavia,2014,116832 km,"diesel motor, 1598 ccm, 77 kW  / 105 KM",ročni menjalnik (5 pr.),11999€,"(5, 11)"

BMW Serija 3,1995,338000 km,"bencinski motor, 1596 ccm, 75 kW  / 102 KM",ročni menjalnik (5 pr.),350€,"(5, 11)"

Alfa Romeo 147,2006,106000 km,"bencinski motor, 1598 ccm, 77 kW  / 105 KM",ročni menjalnik (5 pr.),900€,"(5, 11)"

Audi Q3,2016,132800 km,"diesel motor, 1968 ccm, 110 kW  / 150 KM",ročni menjalnik (6 pr.),20999€,"(5, 11)"

Volkswagen Golf,2002,322000 km,"diesel motor, 1896 ccm, 66 kW  / 90 KM",ročni menjalnik (5 pr.),1590€,"(5, 11)"

Audi A4,2007,123800 km,"diesel motor, 1968 ccm, 105 kW  / 143 KM",ročni menjalnik (6 pr.),10990€,"(5, 11)"

BMW Serija 5,2004,267000 km,"diesel motor, 2993 ccm, 160 kW  / 218 KM",ročni menjalnik (6 pr.),4900€,"(5, 11)"

Škoda Superb,2009,220000 km,"bencinski motor, 1798 ccm, 118 kW  / 161 KM",ročni menjalnik (6 pr.),8299€,"(5, 11)"

Fiat Panda,2004,175000 km,"bencinski motor, 1108 ccm, 40 kW  / 55 KM",ročni menjalnik (5 pr.),1490€,"(5, 11)"

BMW Serija 5,2015,92435 km,"diesel motor, 2993 ccm, 190 kW  / 259 KM",avtomatski menjalnik / tiptronic,28900€,"(5, 11)"

Fiat Croma,2006,237000 km,"diesel motor, 1910 ccm, 110 kW  / 150 KM",ročni menjalnik (6 pr.),1890€,"(5, 11)"

Audi A4,2013,156500 km,"diesel motor, 1968 ccm, 130 kW  / 177 KM",ročni menjalnik (6 pr.),14490€,"(5, 11)"

BMW Serija 3,2004,308000 km,"diesel motor, 1995 ccm, 110 kW  / 150 KM",ročni menjalnik (6 pr.),3200€,"(5, 11)"

Nissan Juke,2011,110000 km,"bencinski motor, 1618 ccm, 140 kW  / 191 KM",ročni menjalnik (6 pr.),9100€,"(5, 11)"

Mercedes-Benz CLS-Razred,2005,250000 km,"bencinski motor, 3498 ccm, 200 kW  / 273 KM",avtomatski menjalnik / tiptronic,7800€,"(5, 11)"

Citroen C8,2002,300000 km,"diesel motor, 2179 ccm, 84 kW  / 115 KM",ročni menjalnik (5 pr.),850€,"(5, 11)"

Hyundai Coupe,2007,170000 km,"bencinski motor, 1599 ccm, 77 kW  / 105 KM",ročni menjalnik (5 pr.),3790€,"(5, 11)"

Volvo S80,2006,200000 km,"diesel motor, 2400 ccm, 120 kW  / 164 KM",avtomatski menjalnik,4800€,"(5, 11)"

Mitsubishi Carisma,2001,300000 km,"bencinski motor, 1597 ccm, 76 kW  / 104 KM",ročni menjalnik (5 pr.),390€,"(5, 11)"

Volkswagen Passat,2011,192000 km,"diesel motor, 1598 ccm, 77 kW  / 105 KM",ročni menjalnik (6 pr.),7650€,"(5, 11)"

BMW Serija 5,2002,270000 km,"diesel motor, 1951 ccm, 100 kW  / 136 KM",ročni menjalnik (5 pr.),1410€,"(5, 11)"

Škoda Octavia,2016,133683 km,"diesel motor, 1598 ccm, 81 kW  / 110 KM",avtomatski menjalnik,13290€,"(5, 11)"

Mitsubishi Pajero,2000,256000 km,"bencinski motor + plin, 1834 ccm, 88 kW  / 120 KM",ročni menjalnik (5 pr.),2050€,"(5, 11)"

Renault Clio,1998,163000 km,"bencinski motor, 1149 ccm, 43 kW  / 59 KM",ročni menjalnik (5 pr.),580€,"(5, 11)"

Mitsubishi Carisma,1997,262000 km,"bencinski motor, 1597 ccm, 73 kW  / 100 KM",ročni menjalnik (5 pr.),250€,"(5, 11)"

Volkswagen Touran,2013,161000 km,"diesel motor, 1598 ccm, 77 kW  / 105 KM",ročni menjalnik (6 pr.),10390€,"(5, 11)"

Opel Corsa,2008,178000 km,"bencinski motor, 1400 ccm, 66 kW  / 90 KM",ročni menjalnik (5 pr.),3300€,"(5, 11)"

Audi A5,2014,205000 km,"diesel motor, 1968 ccm, 110 kW  / 150 KM",avtomatski menjalnik,19100€,"(5, 11)"

Opel Insignia,2009,148255 km,"diesel motor, 1956 ccm, 118 kW  / 161 KM",ročni menjalnik (6 pr.),5999€,"(5, 11)"

Volkswagen Golf,2011,344523 km,"diesel motor, 1598 ccm, 66 kW  / 90 KM",ročni menjalnik (5 pr.),4999€,"(5, 11)"

Fiat Punto,2006,157725 km,"bencinski motor, 1242 ccm, 44 kW  / 60 KM",ročni menjalnik (5 pr.),1399€,"(5, 11)"

Kia CeeD,2010,117000 km,"bencinski motor, 1396 ccm, 80 kW  / 109 KM",ročni menjalnik (5 pr.),4399€,"(5, 11)"

Citroen C4,2009,206000 km,"diesel motor, 1560 ccm, 80 kW  / 109 KM",avtomatski menjalnik,3999€,"(5, 11)"

Audi A4,2006,262000 km,"diesel motor, 1968 ccm, 103 kW  / 140 KM",ročni menjalnik (6 pr.),6250€,"(5, 11)"

BMW Serija 5,2003,141770 km,"bencinski motor, 2494 ccm, 141 kW  / 192 KM",ročni menjalnik (6 pr.),5999€,"(5, 11)"

Peugeot 206,2002,129300 km,"diesel motor, 1398 ccm, 50 kW  / 68 KM",ročni menjalnik (5 pr.),1175€,"(5, 11)"

Kia Sportage,1995,242315 km,"bencinski motor, 1998 ccm, 94 kW  / 128 KM",ročni menjalnik (5 pr.),1199€,"(5, 11)"

Fiat Punto,2007,155248 km,"bencinski motor, 1368 ccm, 57 kW  / 78 KM",ročni menjalnik (5 pr.),2599€,"(5, 11)"

Volkswagen Golf,2006,258000 km,"diesel motor, 1896 ccm, 66 kW  / 90 KM",ročni menjalnik (5 pr.),3990€,"(5, 11)"

Renault Clio,2005,144872 km,"bencinski motor, 1149 ccm, 55 kW  / 75 KM",ročni menjalnik (5 pr.),2599€,"(5, 11)"

Renault Clio,2011,106939 km,"bencinski motor, 1149 ccm, 74 kW  / 101 KM",ročni menjalnik (5 pr.),4499€,"(5, 11)"

Fiat Punto,2006,172000 km,"bencinski motor, 1368 ccm, 55 kW  / 75 KM",ročni menjalnik (5 pr.),2070€,"(5, 11)"

Suzuki Swift,2007,115319 km,"bencinski motor, 1328 ccm, 68 kW  / 93 KM",ročni menjalnik (5 pr.),3599€,"(5, 11)"

BMW Serija X3,2004,244000 km,"diesel motor, 2993 ccm, 150 kW  / 205 KM",avtomatski menjalnik,4999€,"(5, 11)"

Citroen C2,2007,152710 km,"bencinski motor, 1360 ccm, 54 kW  / 74 KM",ročni menjalnik (5 pr.),2499€,"(5, 11)"

Volkswagen Passat,2006,193598 km,"diesel motor, 1968 ccm, 103 kW  / 140 KM",ročni menjalnik (6 pr.),4999€,"(5, 11)"

Renault Megane,2004,217000 km,"diesel motor, 1461 ccm, 60 kW  / 82 KM",ročni menjalnik (5 pr.),1300€,"(5, 11)"

Audi A4,2007,244350 km,"diesel motor, 1968 ccm, 125 kW  / 170 KM",ročni menjalnik (6 pr.),8490€,"(5, 11)"

Opel Astra,2003,320000 km,"diesel motor, 1686 ccm, 55 kW  / 75 KM",ročni menjalnik (5 pr.),800€,"(5, 11)"

BMW Serija 7,1987,280000 km,"bencinski motor, 3430 ccm, 155 kW  / 211 KM",ročni menjalnik (5 pr.),3900€,"(5, 11)"

Volkswagen Polo,1997,98315 km,"bencinski motor, 1391 ccm, 44 kW  / 60 KM",ročni menjalnik (5 pr.),599€,"(5, 11)"

BMW Serija 3,2014,156000 km,"diesel motor, 1995 ccm, 100 kW  / 136 KM",ročni menjalnik (6 pr.),14599€,"(5, 11)"

Mercedes-Benz A-Razred,2005,268000 km,"diesel motor, 1991 ccm, 80 kW  / 109 KM",ročni menjalnik (6 pr.),2990€,"(5, 11)"

Renault Espace,2008,208900 km,"diesel motor, 1995 ccm, 110 kW  / 150 KM",avtomatski menjalnik / tiptronic,4800€,"(5, 11)"

Ford Mondeo,2008,220000 km,"diesel motor, 1997 ccm, 103 kW  / 140 KM",ročni menjalnik (6 pr.),5100€,"(5, 11)"

Suzuki Ignis,2006,133000 km,"bencinski motor, 1490 ccm, 80 kW  / 109 KM",ročni menjalnik (5 pr.),1900€,"(5, 11)"

Volkswagen Passat,2006,198765 km,"diesel motor, 1968 ccm, 103 kW  / 140 KM",ročni menjalnik (6 pr.),5250€,"(5, 11)"

Citroen C5,2009,340000 km,"diesel motor, 1560 ccm, 80 kW  / 109 KM",ročni menjalnik (5 pr.),2700€,"(7, 11)"

Volkswagen Golf,2013,69215 km,"bencinski motor, 1395 ccm, 90 kW  / 123 KM",ročni menjalnik (6 pr.),14990€,"(7, 11)"

Volkswagen Passat,2016,133011 km,"diesel motor, 1598 ccm, 88 kW  / 120 KM",ročni menjalnik (6 pr.),14490€,"(7, 11)"

Volkswagen Golf,2015,134136 km,"diesel motor, 1968 ccm, 110 kW  / 150 KM",avtomatski menjalnik,13299€,"(7, 11)"

Škoda Octavia,2013,150000 km,"diesel motor, 1598 ccm, 77 kW  / 105 KM",ročni menjalnik (5 pr.),9490€,"(7, 11)"

Audi A6,2009,115057 km,"diesel motor, 1968 ccm, 100 kW  / 136 KM",ročni menjalnik (6 pr.),14490€,"(7, 11)"

Ford Galaxy,2015,75488 km,"diesel motor, 1997 ccm, 132 kW  / 180 KM",ročni menjalnik (6 pr.),23990€,"(7, 11)"

Mercedes-Benz E-Razred,2007,224000 km,"diesel motor, 2987 ccm, 165 kW  / 225 KM",avtomatski menjalnik / tiptronic,3900€,"(7, 11)"

Volkswagen Transporter,2010,318000 km,"diesel motor, 1968 ccm, 132 kW  / 180 KM",avtomatski menjalnik,12390€,"(7, 11)"

Citroen C3,2015,105000 km,"diesel motor, 1398 ccm, 50 kW  / 68 KM",ročni menjalnik (5 pr.),6990€,"(7, 11)"

Fiat Stilo,2005,304000 km,"diesel motor, 1910 ccm, 85 kW  / 116 KM",ročni menjalnik (5 pr.),490€,"(7, 11)"

Opel Corsa,2004,145000 km,"bencinski motor, 1199 ccm, 55 kW  / 75 KM",ročni menjalnik (5 pr.),1590€,"(7, 11)"

Hyundai i20,2009,89000 km,"bencinski motor, 1248 ccm, 57 kW  / 78 KM",ročni menjalnik (5 pr.),3990€,"(7, 11)"

Seat Leon,2016,108021 km,"diesel motor, 1598 ccm, 81 kW  / 110 KM",avtomatski menjalnik,11799€,"(7, 11)"

Audi A4,2009,248000 km,"diesel motor, 1968 ccm, 105 kW  / 143 KM",ročni menjalnik (6 pr.),8800€,"(7, 11)"

Audi A4,2008,250000 km,"diesel motor, 1968 ccm, 105 kW  / 143 KM",avtomatski menjalnik,8400€,"(7, 11)"

Renault Clio,2012,63000 km,"bencinski motor, 1149 ccm, 55 kW  / 75 KM",ročni menjalnik (5 pr.),3850€,"(7, 11)"

Mercedes-Benz E-Razred,2014,120000 km,"diesel motor, 2143 ccm, 150 kW  / 205 KM",avtomatski menjalnik / tiptronic,25900€,"(7, 11)"

Ford Mondeo,2016,56492 km,"diesel motor, 1997 ccm, 110 kW  / 150 KM",ročni menjalnik (6 pr.),18490€,"(7, 11)"

Volkswagen Passat,2010,267888 km,"diesel motor, 1968 ccm, 103 kW  / 140 KM",ročni menjalnik (6 pr.),9500€,"(7, 11)"

Peugeot 807,2011,182000 km,"diesel motor, 2000 ccm, 103 kW  / 140 KM",ročni menjalnik (6 pr.),7800€,"(7, 11)"

BMW Serija 3,2008,204591 km,"diesel motor, 1995 ccm, 130 kW  / 177 KM",avtomatski menjalnik,9999€,"(7, 11)"

Mercedes-Benz C-Razred,2017,269300 km,"diesel motor, 1598 ccm, 100 kW  / 136 KM",ročni menjalnik (6 pr.),13200€,"(7, 11)"

BMW Serija 5,2011,173077 km,"diesel motor, 2993 ccm, 220 kW  / 300 KM",avtomatski menjalnik / tiptronic,25990€,"(7, 11)"

BMW Serija X3,2005,252800 km,"diesel motor, 1995 ccm, 110 kW  / 150 KM",ročni menjalnik (6 pr.),5790€,"(7, 11)"

Citroen Berlingo,2011,175000 km,"bencinski motor + plin, 1598 ccm, 72 kW  / 98 KM",ročni menjalnik (5 pr.),6650€,"(7, 11)"

Lexus IS,2010,192500 km,"diesel motor, 2231 ccm, 130 kW  / 177 KM",ročni menjalnik (6 pr.),7500€,"(7, 11)"

Volkswagen Touran,2015,117850 km,"diesel motor, 1598 ccm, 81 kW  / 110 KM",ročni menjalnik (6 pr.),14580€,"(7, 11)"

Fiat Punto,2001,165000 km,"bencinski motor, 1242 ccm, 44 kW  / 60 KM",ročni menjalnik (5 pr.),400€,"(7, 11)"

Citroen C4,2016,135000 km,"diesel motor, 1560 ccm, 88 kW  / 120 KM",avtomatski menjalnik,10490€,"(7, 11)"

BMW Serija 5,2000,280000 km,"bencinski motor, 2494 ccm, 125 kW  / 170 KM",ročni menjalnik (5 pr.),590€,"(7, 11)"

Škoda Fabia,2002,238000 km,"diesel motor, 1896 ccm, 47 kW  / 64 KM",ročni menjalnik (5 pr.),1000€,"(7, 11)"

Audi A3,2011,124000 km,"diesel motor, 1598 ccm, 77 kW  / 105 KM",ročni menjalnik (5 pr.),9400€,"(7, 11)"

Subaru Legacy,2010,207308 km,"diesel motor, 1998 ccm, 110 kW  / 150 KM",ročni menjalnik (6 pr.),8990€,"(7, 11)"

Volkswagen Passat,2013,177000 km,"diesel motor, 1968 ccm, 130 kW  / 177 KM",ročni menjalnik (6 pr.),12280€,"(7, 11)"

Opel Corsa,2005,168000 km,"bencinski motor, 1199 ccm, 55 kW  / 75 KM",ročni menjalnik (5 pr.),1500€,"(7, 11)"

Renault Grand Scenic 1.9 dCi Privilege,2010,180600 km,"diesel motor, 1870 ccm, 96 kW  / 131 KM",ročni menjalnik (6 pr.),5100€,"(7, 11)"

Audi A4,2015,166000 km,"diesel motor, 1968 ccm, 110 kW  / 150 KM",avtomatski menjalnik,15650€,"(7, 11)"

Mini -,2013,59000 km,"diesel motor, 1598 ccm, 66 kW  / 90 KM",ročni menjalnik (6 pr.),10900€,"(7, 11)"

Volkswagen Passat,2015,158909 km,"diesel motor, 1968 ccm, 110 kW  / 150 KM",ročni menjalnik (6 pr.),16990€,"(7, 11)"

Honda Civic,2000,230000 km,"diesel motor, 2000 ccm, 77 kW  / 105 KM",ročni menjalnik (5 pr.),750€,"(7, 11)"

Volkswagen Passat,2008,273000 km,"diesel motor, 1968 ccm, 103 kW  / 140 KM",avtomatski menjalnik,3650€,"(7, 11)"

Mercedes-Benz Viano,2006,189115 km,"diesel motor, 2148 ccm, 110 kW  / 150 KM",avtomatski menjalnik,13100€,"(7, 11)"

Renault Clio,2007,185000 km,"bencinski motor, 1149 ccm, 55 kW  / 75 KM",ročni menjalnik (5 pr.),1950€,"(7, 11)"

Volkswagen Beetle,2005,271250 km,"diesel motor, 1896 ccm, 74 kW  / 101 KM",ročni menjalnik (5 pr.),3580€,"(7, 11)"

Volvo V40,2016,3780 km,"diesel motor, 1969 ccm, 88 kW  / 120 KM",ročni menjalnik (6 pr.),22550€,"(7, 11)"

Opel Zafira,2008,225000 km,"diesel motor, 1910 ccm, 88 kW  / 120 KM",ročni menjalnik (6 pr.),3800€,"(7, 11)"

Volkswagen Passat,2008,270000 km,"diesel motor, 1896 ccm, 77 kW  / 105 KM",ročni menjalnik (5 pr.),3500€,"(7, 11)"

Opel Astra,2008,127556 km,"bencinski motor, 1598 ccm, 85 kW  / 116 KM",ročni menjalnik (5 pr.),3850€,"(7, 11)"

Peugeot 307,2005,256000 km,"diesel motor, 1560 ccm, 80 kW  / 109 KM",ročni menjalnik (5 pr.),1900€,"(7, 11)"

Volkswagen Passat,2014,184792 km,"diesel motor, 1968 ccm, 103 kW  / 140 KM",ročni menjalnik (6 pr.),11490€,"(7, 11)"

Peugeot 207,2009,130300 km,"bencinski motor, 1397 ccm, 70 kW  / 95 KM",ročni menjalnik (5 pr.),3980€,"(7, 11)"

Seat Ibiza,2003,362000 km,"diesel motor, 1896 ccm, 74 kW  / 101 KM",ročni menjalnik (5 pr.),1100€,"(7, 11)"

Renault Laguna,2005,330000 km,"diesel motor, 1870 ccm, 85 kW  / 116 KM",ročni menjalnik (6 pr.),699€,"(7, 11)"

Volkswagen Multivan,2016,43606 km,"diesel motor, 1968 ccm, 150 kW  / 205 KM",avtomatski menjalnik,41990€,"(7, 11)"

Renault Clio,2010,210000 km,"diesel motor, 1461 ccm, 63 kW  / 86 KM",ročni menjalnik (5 pr.),3400€,"(7, 11)"

Peugeot 407,2004,284277 km,"diesel motor, 1997 ccm, 100 kW  / 136 KM",ročni menjalnik (6 pr.),2050€,"(7, 11)"

Volkswagen Golf,2014,171000 km,"diesel motor, 1598 ccm, 77 kW  / 105 KM",ročni menjalnik (5 pr.),8750€,"(7, 11)"

Nissan Micra,2004,190000 km,"diesel motor, 1498 ccm, 60 kW  / 82 KM",ročni menjalnik (5 pr.),1150€,"(7, 11)"

Mitsubishi L 200,2006,272000 km,"diesel motor, 2498 ccm, 100 kW  / 136 KM",ročni menjalnik (5 pr.),8900€,"(7, 11)"

BMW Serija 5,2012,294000 km,"diesel motor, 1995 ccm, 135 kW  / 184 KM",avtomatski menjalnik,16999€,"(7, 11)"

Volkswagen Passat,2015,175396 km,"diesel motor, 1968 ccm, 110 kW  / 150 KM",ročni menjalnik (6 pr.),14650€,"(7, 11)"

Renault Megane,2006,248000 km,"diesel motor, 1461 ccm, 78 kW  / 106 KM",ročni menjalnik (6 pr.),690€,"(7, 11)"

Kia Cerato,2006,250000 km,"diesel motor, 1582 ccm, 84 kW  / 115 KM",ročni menjalnik (5 pr.),1150€,"(7, 11)"

Volkswagen Touran,2013,161000 km,"diesel motor, 1598 ccm, 77 kW  / 105 KM",ročni menjalnik (6 pr.),10390€,"(7, 11)"

Audi A6,2007,248600 km,"diesel motor, 2698 ccm, 132 kW  / 180 KM",ročni menjalnik (6 pr.),8200€,"(7, 11)"

Ford Mondeo,2000,250000 km,"diesel motor, 1800 ccm, 66 kW  / 90 KM",ročni menjalnik (5 pr.),150€,"(7, 11)"

Opel Insignia,2010,209000 km,"diesel motor, 1956 ccm, 118 kW  / 161 KM",ročni menjalnik (6 pr.),6999€,"(7, 11)"

Volkswagen Golf,2014,171388 km,"diesel motor, 1598 ccm, 77 kW  / 105 KM",ročni menjalnik (5 pr.),9990€,"(7, 11)"

Mazda Mazda3,2010,130600 km,"diesel motor, 1560 ccm, 85 kW  / 116 KM",ročni menjalnik (6 pr.),6900€,"(7, 11)"

Mercedes-Benz E-Razred,2005,379000 km,"diesel motor, 2148 ccm, 110 kW  / 150 KM",avtomatski menjalnik,4600€,"(7, 11)"

Audi Allroad,2012,193000 km,"diesel motor, 2967 ccm, 180 kW  / 245 KM",avtomatski menjalnik,22000€,"(7, 11)"

Fiat Bravo,2008,176000 km,"diesel motor, 1910 ccm, 88 kW  / 120 KM",ročni menjalnik (5 pr.),3690€,"(7, 11)"

Kia Sorento,2010,121700 km,"diesel motor, 2199 ccm, 145 kW  / 198 KM",ročni menjalnik (6 pr.),13780€,"(7, 11)"

BMW Serija 3,2015,111904 km,"diesel motor, 1995 ccm, 135 kW  / 184 KM",ročni menjalnik (6 pr.),20480€,"(7, 11)"

Peugeot 206,2003,142000 km,"bencinski motor, 1360 ccm, 55 kW  / 75 KM",ročni menjalnik (5 pr.),1450€,"(7, 11)"

Škoda Roomster,2014,145485 km,"diesel motor, 1598 ccm, 66 kW  / 90 KM",ročni menjalnik (5 pr.),7990€,"(7, 11)"

Citroen C3,2012,120000 km,"diesel motor, 1398 ccm, 50 kW  / 68 KM",ročni menjalnik (5 pr.),5750€,"(7, 11)"

Renault Clio,2001,185 km,"bencinski motor, 49 kW  / 67 KM",ročni menjalnik (5 pr.),250€,"(7, 11)"

Seat Altea,2013,41300 km,"diesel motor, 1598 ccm, 77 kW  / 105 KM",ročni menjalnik (5 pr.),9900€,"(7, 11)"

Peugeot 107,2007,197000 km,"bencinski motor, 998 ccm, 50 kW  / 68 KM",ročni menjalnik (5 pr.),2390€,"(7, 11)"

Renault Megane,2007,220000 km,"diesel motor, 1870 ccm, 96 kW  / 131 KM",ročni menjalnik (6 pr.),790€,"(7, 11)"

Volvo XC70,2008,320000 km,"diesel motor, 120 kW  / 164 KM",ročni menjalnik (6 pr.),3600€,"(7, 11)"

Toyota Verso,2014,94300 km,"diesel motor, 1598 ccm, 82 kW  / 112 KM",ročni menjalnik (6 pr.),11999€,"(7, 11)"

Honda CR-V,1997,266385 km,"bencinski motor, 1973 ccm, 96 kW  / 131 KM",avtomatski menjalnik,1500€,"(7, 11)"

Hyundai Coupe,1999,271000 km,"bencinski motor, 1599 ccm, 85 kW  / 116 KM",ročni menjalnik (5 pr.),370€,"(7, 11)"

Volkswagen Passat,2015,171942 km,"diesel motor, 1968 ccm, 110 kW  / 150 KM",ročni menjalnik (6 pr.),14250€,"(7, 11)"

Renault Clio,2015,59000 km,"bencinski motor, 1149 ccm, 54 kW  / 74 KM",ročni menjalnik (5 pr.),7690€,"(7, 11)"

Renault Megane,2013,93549 km,"diesel motor, 1461 ccm, 81 kW  / 110 KM",ročni menjalnik (6 pr.),7490€,"(7, 11)"

Ford S-Max,2008,254350 km,"bencinski motor, 1999 ccm, 107 kW  / 146 KM",ročni menjalnik (5 pr.),5490€,"(7, 11)"

Škoda Octavia,2015,141597 km,"diesel motor, 1968 ccm, 110 kW  / 150 KM",ročni menjalnik (6 pr.),12999€,"(7, 11)"

Renault Megane,2017,30345 km,"diesel motor, 1461 ccm, 66 kW  / 90 KM",ročni menjalnik (6 pr.),13690€,"(7, 11)"

Renault Clio,2014,68653 km,"diesel motor, 1461 ccm, 55 kW  / 75 KM",ročni menjalnik (5 pr.),6690€,"(7, 11)"

Volkswagen Passat,2010,233000 km,"diesel motor, 1968 ccm, 125 kW  / 170 KM",ročni menjalnik (6 pr.),6800€,"(7, 11)"

Škoda Octavia,2014,162259 km,"diesel motor, 1968 ccm, 110 kW  / 150 KM",ročni menjalnik (6 pr.),13000€,"(7, 11)"

Citroen C3,2005,162650 km,"diesel motor, 1560 ccm, 66 kW  / 90 KM",ročni menjalnik (5 pr.),2980€,"(7, 11)"

Renault Scenic,2009,70067 km,"bencinski motor, 1598 ccm, 82 kW  / 112 KM",ročni menjalnik (6 pr.),4400€,"(7, 11)"

Peugeot 3008,2014,147000 km,"diesel motor, 1560 ccm, 84 kW  / 115 KM",ročni menjalnik (6 pr.),10390€,"(7, 11)"

Hyundai i30,2016,100314 km,"diesel motor, 1582 ccm, 81 kW  / 110 KM",ročni menjalnik (6 pr.),11790€,"(7, 11)"

Mini Clubman,2009,202000 km,"diesel motor, 1560 ccm, 80 kW  / 109 KM",ročni menjalnik (6 pr.),5500€,"(7, 11)"

Citroen Xsara,2004,260000 km,"diesel motor, 1997 ccm, 66 kW  / 90 KM",ročni menjalnik (5 pr.),1699€,"(7, 11)"

Citroen C4,2009,240000 km,"diesel motor, 1560 ccm, 80 kW  / 109 KM",avtomatski menjalnik,3790€,"(7, 11)"

Seat Leon,2005,236000 km,"diesel motor, 1896 ccm, 66 kW  / 90 KM",ročni menjalnik (5 pr.),970€,"(8, 11)"
BMW Serija X6,2009,239765 km,"bencinski motor, 4395 ccm, 300 kW  / 409 KM",avtomatski menjalnik / tiptronic,17800€,"(8, 11)"
Volvo V40,2016,23808 km,"diesel motor, 1969 ccm, 88 kW  / 120 KM",ročni menjalnik (6 pr.),19500€,"(8, 11)"
Mercedes-Benz E-Razred,2013,157490 km,"diesel motor, 2143 ccm, 125 kW  / 170 KM",avtomatski menjalnik,22790€,"(8, 11)"
Volkswagen Tiguan,2009,196000 km,"diesel motor, 1968 ccm, 103 kW  / 140 KM",ročni menjalnik (6 pr.),8200€,"(8, 11)"
Audi A5,2012,183528 km,"diesel motor, 1968 ccm, 130 kW  / 177 KM",ročni menjalnik (6 pr.),18799€,"(8, 11)"
Peugeot 206,2000,178000 km,"bencinski motor, 1360 ccm, 55 kW  / 75 KM",ročni menjalnik (5 pr.),650€,"(8, 11)"
Citroen Xantia,1994,215000 km,"bencinski motor, 1761 ccm, 74 kW  / 101 KM",ročni menjalnik (5 pr.),160€,"(8, 11)"
Volkswagen Jetta,2011,166000 km,"diesel motor, 1598 ccm, 77 kW  / 105 KM",ročni menjalnik (5 pr.),8590€,"(8, 11)"
Hyundai ix35,2011,110000 km,"bencinski motor, 1591 ccm, 99 kW  / 135 KM",ročni menjalnik (6 pr.),9600€,"(8, 11)"
Volkswagen Passat,2015,142888 km,"diesel motor, 1968 ccm, 110 kW  / 150 KM",ročni menjalnik (6 pr.),17490€,"(8, 11)"
Škoda Superb,2010,279000 km,"diesel motor, 1968 ccm, 103 kW  / 140 KM",ročni menjalnik (6 pr.),7290€,"(8, 11)"
Citroen Xsara,2002,404000 km,"diesel motor, 1997 ccm, 66 kW  / 90 KM",ročni menjalnik (5 pr.),550€,"(8, 11)"
Renault Clio,2011,67000 km,"bencinski motor, 1149 ccm, 55 kW  / 75 KM",ročni menjalnik (5 pr.),3950€,"(8, 11)"
Peugeot 308,2011,76000 km,"diesel motor, 1560 ccm, 82 kW  / 112 KM",ročni menjalnik (6 pr.),5490€,"(8, 11)"
Mini -,2012,63000 km,"bencinski motor, 1598 ccm, 72 kW  / 98 KM",ročni menjalnik (6 pr.),8990€,"(8, 11)"
Mercedes-Benz E-Razred,2004,255000 km,"diesel motor, 2148 ccm, 110 kW  / 150 KM",avtomatski menjalnik,4400€,"(8, 11)"
Volkswagen Passat,2004,272756 km,"diesel motor, 1896 ccm, 96 kW  / 131 KM",ročni menjalnik (5 pr.),3490€,"(8, 11)"
Peugeot 3008,2014,147000 km,"diesel motor, 1560 ccm, 84 kW  / 115 KM",ročni menjalnik (6 pr.),10390€,"(8, 11)"
Hyundai i30,2016,100314 km,"diesel motor, 1582 ccm, 81 kW  / 110 KM",ročni menjalnik (6 pr.),11790€,"(8, 11)"
Mini Clubman,2009,202000 km,"diesel motor, 1560 ccm, 80 kW  / 109 KM",ročni menjalnik (6 pr.),5500€,"(8, 11)"
Opel Astra,2007,267173 km,"diesel motor, 1686 ccm, 92 kW  / 125 KM",ročni menjalnik (5 pr.),2590€,"(8, 11)"
Citroen Xsara,2004,260000 km,"diesel motor, 1997 ccm, 66 kW  / 90 KM",ročni menjalnik (5 pr.),1699€,"(8, 11)"
Citroen C4,2009,240000 km,"diesel motor, 1560 ccm, 80 kW  / 109 KM",avtomatski menjalnik,3790€,"(8, 11)"
Renault Kangoo,2012,178186 km,"diesel motor, 1461 ccm, 66 kW  / 90 KM",ročni menjalnik (5 pr.),6850€,"(8, 11)"
Volkswagen Fox,2005,125000 km,"bencinski motor, 1198 ccm, 40 kW  / 55 KM",ročni menjalnik (5 pr.),1280€,"(8, 11)"
Hyundai H-1,2006,178000 km,"diesel motor, 2476 ccm, 74 kW  / 101 KM",ročni menjalnik (5 pr.),2900€,"(8, 11)"
Kia Carens,2014,124000 km,"bencinski motor, 1591 ccm, 99 kW  / 135 KM",ročni menjalnik (6 pr.),9700€,"(8, 11)"
Volvo V70,2008,280000 km,"diesel motor, 1997 ccm, 100 kW  / 136 KM",ročni menjalnik (6 pr.),5800€,"(8, 11)"
Nissan Qashqai,2014,132243 km,"diesel motor, 1598 ccm, 96 kW  / 131 KM",ročni menjalnik (6 pr.),13890€,"(8, 11)"
Volkswagen Golf,2015,149000 km,"diesel motor, 1598 ccm, 77 kW  / 105 KM",ročni menjalnik (5 pr.),10490€,"(8, 11)"
BMW Serija 1,2013,165474 km,"diesel motor, 1995 ccm, 105 kW  / 143 KM",ročni menjalnik (6 pr.),13450€,"(8, 11)"
Audi A4,2015,165000 km,"diesel motor, 1968 ccm, 100 kW  / 136 KM",ročni menjalnik (6 pr.),14999€,"(8, 11)"
Chevrolet Spark,2006,80000 km,"bencinski motor, 796 ccm, 38 kW  / 52 KM",ročni menjalnik (5 pr.),1390€,"(8, 11)"
Renault Grand Scenic dCi 110Energy Zen E...,2015,126718 km,"diesel motor, 1461 ccm, 81 kW  / 110 KM",avtomatski menjalnik,10590€,"(8, 11)"
Nissan Qashqai,2007,232470 km,"diesel motor, 1461 ccm, 78 kW  / 106 KM",ročni menjalnik (6 pr.),4889€,"(8, 11)"
Nissan Terrano,2001,170000 km,"diesel motor, 2664 ccm, 92 kW  / 125 KM",ročni menjalnik (5 pr.),2490€,"(8, 11)"
Audi 60,1968,80000 km,"bencinski motor, 1500 ccm, 45 kW  / 61 KM",ročni menjalnik (4 pr.),1120€,"(8, 11)"
Audi A6,2014,149000 km,"diesel motor, 1968 ccm, 130 kW  / 177 KM",avtomatski menjalnik,19990€,"(8, 11)"
Ford Fiesta,2009,121647 km,"bencinski motor, 1388 ccm, 71 kW  / 97 KM",ročni menjalnik (5 pr.),5450€,"(8, 11)"
Volkswagen Passat,2008,238248 km,"diesel motor, 1968 ccm, 103 kW  / 140 KM",avtomatski menjalnik,4699€,"(8, 11)"
Audi Allroad,2013,196000 km,"diesel motor, 2967 ccm, 180 kW  / 245 KM",avtomatski menjalnik,29990€,"(8, 11)"
Volkswagen Sharan,1996,222222 km,"diesel motor, 1896 ccm, 66 kW  / 90 KM",ročni menjalnik (5 pr.),723€,"(8, 11)"
BMW Serija X3,2007,108000 km,"diesel motor, 2993 ccm, 160 kW  / 218 KM",avtomatski menjalnik,11100€,"(8, 11)"
Renault Megane,2007,177000 km,"bencinski motor, 1598 ccm, 82 kW  / 112 KM",ročni menjalnik (5 pr.),2090€,"(8, 11)"
Volvo C30,2007,195000 km,"diesel motor, 1560 ccm, 80 kW  / 109 KM",ročni menjalnik (5 pr.),2299€,"(8, 11)"
Fiat Panda,2004,175000 km,"bencinski motor, 1108 ccm, 40 kW  / 55 KM",ročni menjalnik (5 pr.),1490€,"(8, 11)"
Škoda Octavia,2014,116832 km,"diesel motor, 1598 ccm, 77 kW  / 105 KM",ročni menjalnik (5 pr.),11899€,"(8, 11)"
Volkswagen Touran,2012,230000 km,"diesel motor, 1598 ccm, 66 kW  / 90 KM",ročni menjalnik (6 pr.),9090€,"(8, 11)"
Renault Megane,2014,196000 km,"diesel motor, 1461 ccm, 81 kW  / 110 KM",ročni menjalnik (6 pr.),7400€,"(8, 11)"
Fiat Stilo,2007,260000 km,"diesel motor, 1910 ccm, 88 kW  / 120 KM",ročni menjalnik (5 pr.),2590€,"(8, 11)"
Mazda Mazda6,2004,290000 km,"diesel motor, 1998 ccm, 89 kW  / 121 KM",ročni menjalnik (5 pr.),760€,"(8, 11)"
Opel Zafira,2006,240000 km,"bencinski motor + plin, 74 kW  / 101 KM",ročni menjalnik (5 pr.),2900€,"(8, 11)"
Volkswagen Golf,2002,322000 km,"diesel motor, 1896 ccm, 66 kW  / 90 KM",ročni menjalnik (5 pr.),1590€,"(8, 11)"
BMW Serija X5,2007,290000 km,"diesel motor, 2993 ccm, 173 kW  / 236 KM",avtomatski menjalnik / tiptronic,11999€,"(8, 11)"
Suzuki SX4,2010,187400 km,"diesel motor, 1956 ccm, 99 kW  / 135 KM",ročni menjalnik (6 pr.),7777€,"(8, 11)"
Toyota RAV4,2008,104731 km,"diesel motor, 2231 ccm, 100 kW  / 136 KM",ročni menjalnik (6 pr.),10490€,"(8, 11)"
BMW Serija 3,2004,343000 km,"diesel motor, 1995 ccm, 85 kW  / 116 KM",ročni menjalnik (5 pr.),2590€,"(8, 11)"
Renault Clio,2014,106989 km,"diesel motor, 1461 ccm, 66 kW  / 90 KM",ročni menjalnik (5 pr.),7200€,"(8, 11)"
Opel Astra,2012,188000 km,"diesel motor, 1956 ccm, 121 kW  / 165 KM",ročni menjalnik (6 pr.),6800€,"(8, 11)"
Nissan Juke,2011,110000 km,"bencinski motor, 1618 ccm, 140 kW  / 191 KM",ročni menjalnik (6 pr.),9100€,"(8, 11)"
Mercedes-Benz CLS-Razred,2005,250000 km,"bencinski motor, 3498 ccm, 200 kW  / 273 KM",avtomatski menjalnik / tiptronic,7780€,"(8, 11)"
Hyundai Coupe,2007,170000 km,"bencinski motor, 1599 ccm, 77 kW  / 105 KM",ročni menjalnik (5 pr.),3790€,"(8, 11)"
Renault Grand Scenic 1.9 dCi,2008,340000 km,"diesel motor, 1870 ccm, 81 kW  / 110 KM",ročni menjalnik (6 pr.),1650€,"(8, 11)"
Mitsubishi Carisma,2001,300000 km,"bencinski motor, 1597 ccm, 76 kW  / 104 KM",ročni menjalnik (5 pr.),390€,"(8, 11)"
Volkswagen Passat,2006,400000 km,"diesel motor, 1968 ccm, 103 kW  / 140 KM",ročni menjalnik (6 pr.),3500€,"(8, 11)"
Alfa Romeo 159,2007,180000 km,"diesel motor, 1910 ccm, 110 kW  / 150 KM",ročni menjalnik (6 pr.),4500€,"(8, 11)"
Volkswagen Polo,2014,119343 km,"diesel motor, 1422 ccm, 55 kW  / 75 KM",ročni menjalnik (5 pr.),8470€,"(8, 11)"
Ford Mondeo,2009,320000 km,"diesel motor, 1997 ccm, 103 kW  / 140 KM",ročni menjalnik (6 pr.),3450€,"(8, 11)"
Opel Astra,2007,92000 km,"bencinski motor, 1600 ccm, 85 kW  / 116 KM",ročni menjalnik (5 pr.),3590€,"(8, 11)"
Audi A6,2006,248000 km,"bencinski motor, 3123 ccm, 188 kW  / 256 KM",avtomatski menjalnik / tiptronic,3500€,"(8, 11)"
Peugeot 308,2011,148000 km,"bencinski motor, 1598 ccm, 147 kW  / 200 KM",ročni menjalnik (6 pr.),7290€,"(8, 11)"
Volkswagen Passat,2016,165000 km,"diesel motor, 1598 ccm, 88 kW  / 120 KM",ročni menjalnik (6 pr.),14700€,"(8, 11)"
BMW Serija 3,2003,290000 km,"diesel motor, 2993 ccm, 150 kW  / 205 KM",avtomatski menjalnik,3950€,"(8, 11)"
Audi A6,2015,161000 km,"diesel motor, 1968 ccm, 140 kW  / 191 KM",ročni menjalnik (6 pr.),22500€,"(8, 11)"
Mitsubishi Carisma,1997,262000 km,"bencinski motor, 1597 ccm, 73 kW  / 100 KM",ročni menjalnik (5 pr.),150€,"(8, 11)"
Peugeot 207,2008,157510 km,"diesel motor, 1398 ccm, 50 kW  / 68 KM",ročni menjalnik (5 pr.),3200€,"(8, 11)"
Volkswagen Touran,2013,161000 km,"diesel motor, 1598 ccm, 77 kW  / 105 KM",ročni menjalnik (6 pr.),10390€,"(8, 11)"
Peugeot 308,2011,172114 km,"diesel motor, 1560 ccm, 68 kW  / 93 KM",ročni menjalnik (5 pr.),4990€,"(8, 11)"
Škoda Octavia,2013,77000 km,"bencinski motor, 1197 ccm, 77 kW  / 105 KM",ročni menjalnik (6 pr.),10300€,"(8, 11)"
Opel Insignia,2009,148255 km,"diesel motor, 1956 ccm, 118 kW  / 161 KM",ročni menjalnik (6 pr.),5999€,"(8, 11)"
Volkswagen Golf,2011,344523 km,"diesel motor, 1598 ccm, 66 kW  / 90 KM",ročni menjalnik (5 pr.),4999€,"(8, 11)"
Fiat Punto,2006,157725 km,"bencinski motor, 1242 ccm, 44 kW  / 60 KM",ročni menjalnik (5 pr.),1399€,"(8, 11)"
Kia CeeD,2010,117000 km,"bencinski motor, 1396 ccm, 80 kW  / 109 KM",ročni menjalnik (5 pr.),4399€,"(8, 11)"
Citroen C4,2009,206000 km,"diesel motor, 1560 ccm, 80 kW  / 109 KM",avtomatski menjalnik,3999€,"(8, 11)"
BMW Serija 5,2003,141770 km,"bencinski motor, 2494 ccm, 141 kW  / 192 KM",ročni menjalnik (6 pr.),5999€,"(8, 11)"
Audi A6,2010,244000 km,"diesel motor, 2967 ccm, 176 kW  / 240 KM",avtomatski menjalnik / tiptronic,11650€,"(8, 11)"
BMW Serija X1,2010,166057 km,"diesel motor, 1995 ccm, 130 kW  / 177 KM",ročni menjalnik (6 pr.),11990€,"(12, 11)"
Renault Megane,2001,279000 km,"bencinski motor, 1598 ccm, 79 kW  / 108 KM",ročni menjalnik (5 pr.),599€,"(12, 11)"
Volkswagen Passat,2015,125875 km,"diesel motor, 1968 ccm, 140 kW  / 191 KM",avtomatski menjalnik,19390€,"(12, 11)"
Renault Clio,1999,102000 km,"bencinski motor, 1149 ccm, 43 kW  / 59 KM",ročni menjalnik (5 pr.),790€,"(12, 11)"
Renault Megane,2005,190000 km,"diesel motor, 1461 ccm, 74 kW  / 101 KM",ročni menjalnik (5 pr.),550€,"(12, 11)"
Renault Laguna,2007,109300 km,"bencinski motor, 1998 ccm, 125 kW  / 170 KM",ročni menjalnik (6 pr.),2900€,"(12, 11)"
Renault Scenic,2009,154000 km,"diesel motor, 1461 ccm, 78 kW  / 106 KM",ročni menjalnik (6 pr.),4500€,"(12, 11)"
Škoda Octavia,2012,161000 km,"diesel motor, 1968 ccm, 103 kW  / 140 KM",ročni menjalnik (6 pr.),3600€,"(12, 11)"
Opel Astra,2009,188000 km,"diesel motor, 1686 ccm, 81 kW  / 110 KM",ročni menjalnik (6 pr.),4199€,"(12, 11)"
Mercedes-Benz E-Razred,2015,138378 km,"diesel motor, 2143 ccm, 125 kW  / 170 KM",avtomatski menjalnik,25880€,"(12, 11)"
BMW Serija 5,2014,160000 km,"diesel motor, 1995 ccm, 140 kW  / 191 KM",avtomatski menjalnik,20880€,"(12, 11)"
Volkswagen Touran,2016,130000 km,"diesel motor, 1968 ccm, 110 kW  / 150 KM",avtomatski menjalnik,7600€,"(12, 11)"
Škoda Octavia,2016,148893 km,"diesel motor, 1598 ccm, 81 kW  / 110 KM",ročni menjalnik (5 pr.),11990€,"(12, 11)"
Volkswagen Golf,2011,176593 km,"diesel motor, 1598 ccm, 77 kW  / 105 KM",ročni menjalnik (5 pr.),8900€,"(12, 11)"
Renault Megane,2004,280000 km,"diesel motor, 1870 ccm, 88 kW  / 120 KM",ročni menjalnik (6 pr.),800€,"(12, 11)"
Peugeot RCZ,2013,174000 km,"diesel motor, 1997 ccm, 120 kW  / 164 KM",ročni menjalnik (6 pr.),13990€,"(12, 11)"
Mercedes-Benz A-Razred,2008,113000 km,"bencinski motor, 1498 ccm, 70 kW  / 95 KM",ročni menjalnik (5 pr.),6490€,"(12, 11)"
Volkswagen Golf,2015,148500 km,"diesel motor, 1598 ccm, 77 kW  / 105 KM",ročni menjalnik (5 pr.),10490€,"(12, 11)"
BMW Serija 5,2011,155098 km,"diesel motor, 1995 ccm, 120 kW  / 164 KM",avtomatski menjalnik / tiptronic,15290€,"(12, 11)"
Volkswagen Golf,2005,176000 km,"diesel motor, 1896 ccm, 66 kW  / 90 KM",ročni menjalnik (5 pr.),4390€,"(12, 11)"
Chevrolet Cruze,2010,133690 km,"bencinski motor, 1796 ccm, 104 kW  / 142 KM",avtomatski menjalnik,4480€,"(12, 11)"
Volkswagen Touran,2004,323000 km,"diesel motor, 1896 ccm, 74 kW  / 101 KM",ročni menjalnik (6 pr.),3000€,"(12, 11)"
Toyota RAV4,2015,47300 km,"diesel motor, 1998 ccm, 91 kW  / 124 KM",ročni menjalnik (6 pr.),18300€,"(12, 11)"
Volkswagen Golf,2013,146000 km,"diesel motor, 1968 ccm, 110 kW  / 150 KM",ročni menjalnik (6 pr.),12930€,"(12, 11)"
Citroen Xsara,2003,317000 km,"diesel motor, 1997 ccm, 66 kW  / 90 KM",ročni menjalnik (5 pr.),800€,"(12, 11)"
Peugeot 407,2005,241620 km,"diesel motor, 1997 ccm, 100 kW  / 136 KM",ročni menjalnik (6 pr.),2490€,"(12, 11)"
Citroen Xsara,2003,300000 km,"diesel motor, 1997 ccm, 66 kW  / 90 KM",ročni menjalnik (5 pr.),1250€,"(12, 11)"
Opel Mokka,2013,143000 km,"diesel motor, 1686 ccm, 96 kW  / 131 KM",ročni menjalnik (6 pr.),12490€,"(12, 11)"
Fiat Punto,2000,150000 km,"bencinski motor, 37 kW  / 50 KM",ročni menjalnik (5 pr.),120€,"(12, 11)"
Renault Clio,1999,280000 km,"bencinski motor, 1149 ccm, 43 kW  / 59 KM",ročni menjalnik (5 pr.),250€,"(12, 11)"
Mercedes-Benz E-Razred,2003,307000 km,"diesel motor, 3222 ccm, 150 kW  / 205 KM",avtomatski menjalnik,3850€,"(12, 11)"
Renault Megane,2006,141000 km,"diesel motor, 1461 ccm, 63 kW  / 86 KM",ročni menjalnik (5 pr.),1850€,"(12, 11)"
Chevrolet Aveo,2006,130000 km,"bencinski motor, 1150 ccm, 53 kW  / 72 KM",ročni menjalnik (5 pr.),250€,"(12, 11)"
Citroen Berlingo,2013,140023 km,"diesel motor, 1560 ccm, 68 kW  / 93 KM",ročni menjalnik (5 pr.),8499€,"(12, 11)"
Citroen Berlingo,2012,104000 km,"diesel motor, 1560 ccm, 68 kW  / 93 KM",ročni menjalnik (5 pr.),7650€,"(12, 11)"
Peugeot Partner,2012,153900 km,"diesel motor, 1560 ccm, 66 kW  / 90 KM",ročni menjalnik (5 pr.),5990€,"(12, 11)"
Mitsubishi Outlander,2008,211000 km,"diesel motor, 1968 ccm, 103 kW  / 140 KM",ročni menjalnik (6 pr.),8200€,"(12, 11)"
Ford Ranger,2014,89000 km,"diesel motor, 2198 ccm, 110 kW  / 150 KM",avtomatski menjalnik,21000€,"(12, 11)"
Hyundai i30,2013,104000 km,"diesel motor, 1396 ccm, 66 kW  / 90 KM",ročni menjalnik (6 pr.),8750€,"(12, 11)"
Seat Leon,2016,39200 km,"bencinski motor, 1984 ccm, 213 kW  / 290 KM",ročni menjalnik (6 pr.),22990€,"(12, 11)"
Renault Clio,2003,196000 km,"bencinski motor, 1390 ccm, 72 kW  / 98 KM",ročni menjalnik (5 pr.),890€,"(12, 11)"
BMW Serija 3,2012,108500 km,"bencinski motor, 1997 ccm, 180 kW  / 245 KM",avtomatski menjalnik,23200€,"(12, 11)"
Fiat Doblo,2001,210000 km,"bencinski motor, 1242 ccm, 48 kW  / 65 KM",ročni menjalnik (5 pr.),1490€,"(12, 11)"
Fiat 500,2013,126000 km,"bencinski motor, 1368 ccm, 70 kW  / 95 KM",ročni menjalnik (6 pr.),7100€,"(12, 11)"
Renault Grand Scenic TCe 130 Energy Bose,2017,12312 km,"bencinski motor, 1197 ccm, 97 kW  / 132 KM",ročni menjalnik (6 pr.),19888€,"(12, 11)"
Mercedes-Benz C-Razred,2017,12000 km,"diesel motor, 2143 ccm, 150 kW  / 205 KM",avtomatski menjalnik,44990€,"(12, 11)"
Opel Insignia,2017,40897 km,"diesel motor, 1598 ccm, 100 kW  / 136 KM",avtomatski menjalnik / tiptronic,16990€,"(12, 11)"
Audi A6,2018,1000 km,"diesel motor, 2967 ccm, 170 kW  / 232 KM",avtomatski menjalnik / tiptronic,99357€,"(12, 11)"
Seat Leon,2001,331267 km,"bencinski motor + plin, 1598 ccm, 77 kW  / 105 KM",ročni menjalnik (5 pr.),1350€,"(12, 11)"
Opel Corsa,2018,160 km,"bencinski motor, 1398 ccm, 66 kW  / 90 KM",ročni menjalnik (5 pr.),10990€,"(12, 11)"
Audi A6,1998,488000 km,"diesel motor, 2496 ccm, 110 kW  / 150 KM",ročni menjalnik (6 pr.),1150€,"(12, 11)"
Mercedes-Benz A-Razred,2014,140520 km,"diesel motor, 1461 ccm, 66 kW  / 90 KM",ročni menjalnik (6 pr.),13990€,"(12, 11)"
Audi A4,2015,137000 km,"diesel motor, 1968 ccm, 110 kW  / 150 KM",ročni menjalnik (6 pr.),14980€,"(12, 11)"
Dacia Duster,2017,21932 km,"diesel motor, 1461 ccm, 80 kW  / 109 KM",ročni menjalnik (6 pr.),16900€,"(12, 11)"
Nissan Qashqai,2011,111000 km,"bencinski motor, 1997 ccm, 104 kW  / 142 KM",ročni menjalnik (6 pr.),9500€,"(12, 11)"
Opel Corsa,2002,256500 km,"diesel motor, 1686 ccm, 48 kW  / 65 KM",ročni menjalnik (5 pr.),870€,"(12, 11)"
Ford Focus,2015,136000 km,"diesel motor, 1997 ccm, 110 kW  / 150 KM",avtomatski menjalnik,11950€,"(12, 11)"
Peugeot 407,2010,158000 km,"diesel motor, 1997 ccm, 100 kW  / 136 KM",ročni menjalnik (6 pr.),5350€,"(12, 11)"
Škoda Octavia,2018,13000 km,"diesel motor, 1968 ccm, 110 kW  / 150 KM",ročni menjalnik (6 pr.),34720€,"(12, 11)"
Suzuki Swift,2003,108000 km,"bencinski motor, 993 ccm, 39 kW  / 53 KM",ročni menjalnik (5 pr.),350€,"(12, 11)"
Opel Astra,2015,120984 km,"diesel motor, 1598 ccm, 81 kW  / 110 KM",ročni menjalnik (6 pr.),9550€,"(12, 11)"
Mercedes-Benz C-Razred,2004,231000 km,"diesel motor, 2148 ccm, 105 kW  / 143 KM",avtomatski menjalnik,3300€,"(12, 11)"
Volkswagen Golf,2013,175000 km,"diesel motor, 1968 ccm, 110 kW  / 150 KM",avtomatski menjalnik,13600€,"(12, 11)"
Fiat Punto,2010,200000 km,"diesel motor, 1248 ccm, 55 kW  / 75 KM",ročni menjalnik (5 pr.),3250€,"(12, 11)"
Peugeot 3008,2015,153965 km,"diesel motor, 1560 ccm, 88 kW  / 120 KM",avtomatski menjalnik / tiptronic,10990€,"(12, 11)"
Volkswagen Golf,1999,365000 km,"diesel motor, 1896 ccm, 66 kW  / 90 KM",ročni menjalnik (5 pr.),1390€,"(12, 11)"
Audi A3,2015,144000 km,"diesel motor, 1968 ccm, 110 kW  / 150 KM",ročni menjalnik (6 pr.),15880€,"(12, 11)"
Citroen Berlingo,2015,27460 km,"diesel motor, 1560 ccm, 68 kW  / 93 KM",ročni menjalnik (5 pr.),11490€,"(12, 11)"
BMW Serija 1,2008,23000 km,"diesel motor, 2000 ccm, 105 kW  / 143 KM",ročni menjalnik (6 pr.),5799€,"(12, 11)"
Volkswagen Golf,2002,200018 km,"bencinski motor, 1390 ccm, 55 kW  / 75 KM",ročni menjalnik (5 pr.),1150€,"(12, 11)"
Seat Leon,2015,139380 km,"diesel motor, 1598 ccm, 77 kW  / 105 KM",ročni menjalnik (5 pr.),11290€,"(12, 11)"
Ford S-Max,2008,250000 km,"diesel motor, 1997 ccm, 103 kW  / 140 KM",avtomatski menjalnik,4970€,"(12, 11)"
BMW Serija 3,2015,28300 km,"diesel motor, 1995 ccm, 105 kW  / 143 KM",ročni menjalnik (6 pr.),18990€,"(12, 11)"
Renault Megane,2003,189300 km,"bencinski motor, 1598 ccm, 83 kW  / 113 KM",ročni menjalnik (5 pr.),1250€,"(12, 11)"
Volvo XC70,2015,125095 km,"diesel motor, 2400 ccm, 133 kW  / 181 KM",ročni menjalnik (6 pr.),21990€,"(12, 11)"
Hyundai Accent,2006,67000 km,"bencinski motor, 1599 ccm, 77 kW  / 105 KM",ročni menjalnik (5 pr.),1850€,"(12, 11)"
Škoda Fabia,2016,128717 km,"diesel motor, 1422 ccm, 66 kW  / 90 KM",ročni menjalnik (5 pr.),9390€,"(12, 11)"
Kia Pro_Ceed,2008,117000 km,"diesel motor, 1582 ccm, 85 kW  / 116 KM",ročni menjalnik (5 pr.),4890€,"(12, 11)"
Škoda Octavia,2009,150000 km,"bencinski motor, 1984 ccm, 147 kW  / 200 KM",avtomatski menjalnik,10880€,"(12, 11)"
Mazda Mazda5,2012,150000 km,"diesel motor, 1560 ccm, 85 kW  / 116 KM",ročni menjalnik (6 pr.),7990€,"(12, 11)"
Opel Astra,2009,244000 km,"diesel motor, 1686 ccm, 74 kW  / 101 KM",ročni menjalnik (5 pr.),2700€,"(12, 11)"
Fiat Punto,1999,62263 km,"bencinski motor, 1108 ccm, 40 kW  / 55 KM",ročni menjalnik (5 pr.),300€,"(12, 11)"
BMW Serija X6,2008,66000 km,"bencinski motor, 4395 ccm, 300 kW  / 409 KM",avtomatski menjalnik / tiptronic,19700€,"(12, 11)"
Chevrolet Cruze,2013,84000 km,"bencinski motor, 1362 ccm, 103 kW  / 140 KM",ročni menjalnik (6 pr.),6490€,"(12, 11)"
Škoda Octavia,2015,140000 km,"diesel motor, 1968 ccm, 135 kW  / 184 KM",avtomatski menjalnik,17680€,"(12, 11)"
Peugeot 407,2008,356000 km,"diesel motor, 1997 ccm, 100 kW  / 136 KM",ročni menjalnik (6 pr.),3200€,"(12, 11)"
Renault Megane,1996,170000 km,"bencinski motor, 1600 ccm, 66 kW  / 90 KM",ročni menjalnik (5 pr.),1500€,"(12, 11)"
Chevrolet Aveo,2012,133667 km,"bencinski motor, 1399 ccm, 74 kW  / 101 KM",ročni menjalnik (5 pr.),4380€,"(12, 11)"
Ford Focus,2009,180000 km,"diesel motor, 1753 ccm, 85 kW  / 116 KM",ročni menjalnik (5 pr.),4590€,"(12, 11)"
Citroen C4,2007,214300 km,"diesel motor, 1560 ccm, 80 kW  / 109 KM",ročni menjalnik (5 pr.),3600€,"(12, 11)"
Audi A8,2002,361000 km,"diesel motor, 2496 ccm, 132 kW  / 180 KM",avtomatski menjalnik / tiptronic,3500€,"(12, 11)"
Peugeot 206,2003,150000 km,"bencinski motor, 1360 ccm, 55 kW  / 75 KM",ročni menjalnik (5 pr.),1350€,"(12, 11)"
Renault Scenic,2007,226000 km,"diesel motor, 1461 ccm, 78 kW  / 106 KM",ročni menjalnik (6 pr.),2300€,"(12, 11)"
Opel Astra,2006,189000 km,"diesel motor, 88 kW  / 120 KM",ročni menjalnik (5 pr.),2250€,"(12, 11)"
Ford Galaxy,2012,156000 km,"diesel motor, 1997 ccm, 120 kW  / 164 KM",ročni menjalnik (6 pr.),10290€,"(12, 11)"
Peugeot 508,2013,161778 km,"diesel motor, 1997 ccm, 103 kW  / 140 KM",ročni menjalnik (6 pr.),8990€,"(12, 11)"
Hyundai Getz,2007,114000 km,"bencinski motor, 1086 ccm, 49 kW  / 67 KM",ročni menjalnik (5 pr.),1700€,"(12, 11)"
